,Object Number,Is Highlight,Is Timeline Work,Is Public Domain,Object ID,Gallery Number,Department,AccessionYear,Object Name,Title,Culture,Period,Dynasty,Reign,Portfolio,Constituent ID,Artist Role,Artist Prefix,Artist Display Name,Artist Display Bio,Artist Suffix,Artist Alpha Sort,Artist Nationality,Artist Begin Date,Artist End Date,Artist Gender,Artist ULAN URL,Artist Wikidata URL,Object Date,Object Begin Date,Object End Date,Medium,Dimensions,Credit Line,Geography Type,City,State,County,Country,Region,Subregion,Locale,Locus,Excavation,River,Classification,Rights and Reproduction,Link Resource,Object Wikidata URL,Metadata Date,Repository,Tags,Tags AAT URL,Tags Wikidata URL,Random
79848,55.540.25,False,False,True,383107,,Drawings and Prints,1955.0,Drawing,Ornamental designs for porcelain,,,,,,8537.0,Artist,Attributed to,"Anonymous, German, 18th century", , ,"Anonymous, German, 18th century",German,1700      ,1800      ,,,,18th century,1700,1800,Watercolor with traces of graphite.,sheet: 8 3/8 x 7 3/16 in. (21.2 x 18.3 cm),"The Elisha Whittelsey Collection, The Elisha Whittelsey Fund, 1955",,,,,,,,,,,,Drawings,,http://www.metmuseum.org/art/collection/search/383107,,,"Metropolitan Museum of Art, New York, NY",Garlands|Ornament|Insignia,http://vocab.getty.edu/page/aat/300167386|http://vocab.getty.edu/page/aat/300164595|http://vocab.getty.edu/page/aat/300028725,https://www.wikidata.org/wiki/Q756600|https://www.wikidata.org/wiki/Q335261|https://www.wikidata.org/wiki/Q552345,165.086343
148733,60.629.43,False,False,False,369133,,Drawings and Prints,1960.0,Print,Tennis Players,,,,,,9467.0,Artist, ,Eugen Kirchner,"German, 1865–1938", ,"Kirchner, Eugen",German,1865      ,1938      ,,http://vocab.getty.edu/page/ulan/500040881,https://www.wikidata.org/wiki/Q29380287,1896,1896,1896,Etching and aquatint,plate: 9 1/16 x 7 5/16 inches (23 x 18.6 cm),"The Elisha Whittelsey Collectoin, The Elisha Whittelsey Fund, 1960",,,,,,,,,,,,Prints,,http://www.metmuseum.org/art/collection/search/369133,,,"Metropolitan Museum of Art, New York, NY",Men|Women|Athletes,http://vocab.getty.edu/page/aat/300025928|http://vocab.getty.edu/page/aat/300025943|http://vocab.getty.edu/page/aat/300236025,https://www.wikidata.org/wiki/Q8441|https://www.wikidata.org/wiki/Q467|https://www.wikidata.org/wiki/Q2066131,306.3360887
66193,32.150.358,False,False,True,455175,,Islamic Art,1932.0,Fragment,Fragment,,,,,,,,,,,,,,,,,,,7th–10th century,600,999,Earthenware; glazed,,"Rogers Fund, 1932",Found/excavated,Ctesiphon,,,Iraq,,,,,,,Ceramics,,http://www.metmuseum.org/art/collection/search/455175,,,"Metropolitan Museum of Art, New York, NY",,,,136.6419164
112639,63.350.247.219.40,False,False,False,676408,,Drawings and Prints,1963.0,Print,"Tommy Murphy, from the Champion Pugilists series (T219), issued by Mecca and Hassan Cigarettes",,,,,,10560116523.0,Publisher|Publisher,Issued by|Issued by,Mecca Cigarettes|Hassan Cigarettes,American|American, | ,Mecca Cigarettes|Hassan Cigarettes, |American,          |0         ,          |0         ,|,|,|,1910,1910,1910,Commercial color lithograph,Sheet: 2 1/4 × 2 15/16 in. (5.7 × 7.5 cm),"The Jefferson R. Burdick Collection, Gift of Jefferson R. Burdick",,,,,,,,,,,,Prints|Ephemera,,http://www.metmuseum.org/art/collection/search/676408,,,"Metropolitan Museum of Art, New York, NY",Men|Portraits|Boxing|Athletes,http://vocab.getty.edu/page/aat/300025928|http://vocab.getty.edu/page/aat/300015637|http://vocab.getty.edu/page/aat/300374825|http://vocab.getty.edu/page/aat/300236025,https://www.wikidata.org/wiki/Q8441|https://www.wikidata.org/wiki/Q134307|https://www.wikidata.org/wiki/Q32112|https://www.wikidata.org/wiki/Q2066131,232.2816058
55900,47.18.62,False,False,True,51678,,Asian Art,1947.0,Fan mounted as an album leaf,,China,Ming dynasty (1368–1644),,,,375021163.0,Artist|Artist, |After,Unidentified artist|Ma Lin," |Chinese, ca. 1180– after 1256", | ,Unidentified artist|MA LIN, |Chinese,          |1180      ,          |1256      ,|,|,|https://www.wikidata.org/wiki/Q637407,,1368,1644,Fan mounted as an album leaf; ink and color on silk,9 3/4 x 10 1/16 in. (24.8 x 25.6 cm),"From the Collection of A. W. Bahr, Purchase, Fletcher Fund, 1947",,,,,,,,,,,,Paintings,,http://www.metmuseum.org/art/collection/search/51678,https://www.wikidata.org/wiki/Q78803148,,"Metropolitan Museum of Art, New York, NY",Flowers,http://vocab.getty.edu/page/aat/300132399,https://www.wikidata.org/wiki/Q506,115.2841538
36152,16.10.272,False,False,True,546916,114.0,Egyptian Art,1916.0,"Beads, lentoid",Necklace of Lentoid Beads (Shebiu),,New Kingdom,"Dynasty 18, early",,,,,,,,,,,,,,,,ca. 1550–1458 B.C.,-1550,-1550,Faience (blue),L. 18.5 cm (7 5/16 in.),"Rogers Fund, 1916",From,,,,Egypt,"Upper Egypt, Thebes",Asasif,"Courtyard CC 41, Tomb R 2","Burial F 5, On body around neck","MMA excavations, 1915–16",,,,http://www.metmuseum.org/art/collection/search/546916,https://www.wikidata.org/wiki/Q116280284,,"Metropolitan Museum of Art, New York, NY",,,,74.97331643
148693,95.1.6,False,False,True,212634,,European Sculpture and Decorative Arts,1895.0,Collar,Collar,French,,,,,,,,,,,,,,,,,,early 19th century,1800,1815,"Needle lace, Point de Gaze","L. 16 x W. 1 1/2 inches
40.6 x 3.8 cm","Gift of Mrs. Amelia B. Lazarus, in the name of Miss Emilie Lazarus, 1895",,,,,,,,,,,,Textiles-Laces,,http://www.metmuseum.org/art/collection/search/212634,,,"Metropolitan Museum of Art, New York, NY",,,,306.2358565
67994,"2007.254.1a, b, .2",False,False,True,234103,,European Sculpture and Decorative Arts,2007.0,Bowl with cover and stand,Covered bowl and stand,"Italian, Nove",,,,,3840.0,Manufactory, ,Le Nove Porcelain Manufactory, , ,Le Nove Porcelain Manufactory,Italian,          ,          ,,,,ca. 1765,1760,1770,Hard-paste porcelain,"Ecuelle (confirmed): H. 5 1/8 x W. 6 1/8 x D. 5 5/8 in. (13 x 15.6 x 14.3 cm)
Stand (confirmed): Diam. 8 5/8 in. (21.9 cm)","Purchase, The Isak and Rose Weinman Foundation Inc. Gift, 2007",,,,,,,,,,,,Ceramics-Porcelain,,http://www.metmuseum.org/art/collection/search/234103,,,"Metropolitan Museum of Art, New York, NY",Buildings|Men|Women,http://vocab.getty.edu/page/aat/300004789|http://vocab.getty.edu/page/aat/300025928|http://vocab.getty.edu/page/aat/300025943,https://www.wikidata.org/wiki/Q41176|https://www.wikidata.org/wiki/Q8441|https://www.wikidata.org/wiki/Q467,140.4602323
58896,59.533.467,False,False,True,834071,,Drawings and Prints,1959.0,Print,Melopoyn haranguing the Prisoners in the Fleet,,,,,"Six Illustrations to the Adventures of Roderick Random, vol. II, chap. XXII",,Artist|Publisher|Etcher|Etcher,After| | |Aquatint by,"Henry Singleton|Rudolph Ackermann, London|Thomas Rowlandson|Joseph Constantine Stadler","British, London 1766–1839 London|British, active 1794–1829|British, London 1757–1827 London|German, active London, 1780–1822", | | | ,"Singleton, Henry|Ackermann, Rudolph|Rowlandson, Thomas|Stadler, Joseph Constantine",British|British|British|German,1766      |1764      |1757      |1780      ,1839      |1834      |1827      |1822      ,|||,http://vocab.getty.edu/page/ulan/500001987|(not assigned)|http://vocab.getty.edu/page/ulan/500006930|http://vocab.getty.edu/page/ulan/500021527,https://www.wikidata.org/wiki/Q15452884|https://www.wikidata.org/wiki/Q70993|https://www.wikidata.org/wiki/Q318584|https://www.wikidata.org/wiki/Q18508425,"September 15, 1792",1792,1792,Etching and aquatint,Sheet: 10 1/4 × 12 1/2 in. (26 × 31.7 cm),"The Elisha Whittelsey Collection, The Elisha Whittelsey Fund, 1959",,,,,,,,,,,,Prints,,http://www.metmuseum.org/art/collection/search/834071,,,"Metropolitan Museum of Art, New York, NY",Men,http://vocab.getty.edu/page/aat/300025928,https://www.wikidata.org/wiki/Q8441,121.450041
149448,29.158.374,False,False,False,23311,,Arms and Armor,1929.0,Part of a shoulder defense,Part of a Shoulder Defense,possibly Spanish,,,,,,,,,,,,,,,,,,ca. 1560,1535,1585,Steel,H. 1 3/4 in. (4.4 cm); W. 8 1/2 in. (21.6 cm),"Bashford Dean Memorial Collection, Funds from various donors, 1929",,,,,,,,,,,,Armor Parts,,http://www.metmuseum.org/art/collection/search/23311,,,"Metropolitan Museum of Art, New York, NY",,,,307.8931786
95744,49.70.46,False,False,False,401881,,Drawings and Prints,1949.0,Print,"Bust of Woman with Diadem, Facing Right",,,,,,16251816212.0,Artist|Artist, |After,Antonio Tempesta|Michelangelo Buonarroti,"Italian, Florence 1555–1630 Rome|Italian, Caprese 1475–1564 Rome", | ,"Tempesta, Antonio|Michelangelo Buonarroti",Italian|Italian,1555      |1475      ,1630      |1564      ,|,http://vocab.getty.edu/page/ulan/500027888|http://vocab.getty.edu/page/ulan/500010654,https://www.wikidata.org/wiki/Q605447|https://www.wikidata.org/wiki/Q5592,1613,1613,1613,Etching,Sheet (Trimmed): 8 7/16 × 5 7/8 in. (21.5 × 15 cm),"The Elisha Whittelsey Collection, The Elisha Whittelsey Fund, 1949",,,,,,,,,,,,Prints,,http://www.metmuseum.org/art/collection/search/401881,,,"Metropolitan Museum of Art, New York, NY",,,,197.7950256
54294,2009.300.3214,False,False,False,158127,,Costume Institute,2009.0,Loafers,Loafers,Italian,,,,,,,,,,,,,,,,,,1954–58,1954,1958,leather,,"Brooklyn Museum Costume Collection at The Metropolitan Museum of Art, Gift of the Brooklyn Museum, 2009; Gift of Charline Osgood, 1960",,,,,,,,,,,,,,http://www.metmuseum.org/art/collection/search/158127,,,"Metropolitan Museum of Art, New York, NY",,,,112.0860121
127950,95.15.114,False,False,False,245924,,Greek and Roman Art,1895.0,Ring,Ring,Roman,,,,,,,,,,,,,,,,,,4th–3rd century BCE,-399,-200,gold,Other: 9/16 x 3/16 in. (1.4 x 0.4 cm),"Purchase by subscription, 1895",,,,,,,,,,,,Gems,,http://www.metmuseum.org/art/collection/search/245924,,,"Metropolitan Museum of Art, New York, NY",,,,263.5605197
83759,49.153,False,False,True,5483,,The American Wing,1949.0,Looking glass,Overmantel Looking Glass,American,,,,,,,,,,,,,,,,,,1810–20,1810,1820,"Gilt gesso, pine, eglomise panels",40 1/2 x 74 3/4 in. (102.9 x 189.9 cm),"Bequest of Nellie K. Pruyn, 1949",Made in,Albany,,,United States,,,,,,,,,http://www.metmuseum.org/art/collection/search/5483,,,"Metropolitan Museum of Art, New York, NY",Women,http://vocab.getty.edu/page/aat/300025943,https://www.wikidata.org/wiki/Q467,172.8439416
37584,"21.175.377a, b",False,False,False,41624,,Asian Art,1921.0,Snuff bottle,,China,Qing dynasty (1644–1911),,,,,,,,,,,,,,,,,19th century,1800,1899,Porcelain with nephrite stopper,H. 3 3/8 in. (8.6 cm),"Bequest of Edmund C. Converse, 1921",,,,,,,,,,,,Snuff Bottles,,http://www.metmuseum.org/art/collection/search/41624,,,"Metropolitan Museum of Art, New York, NY",,,,77.81168589
147103,09.50.2653,False,False,True,217311,,European Sculpture and Decorative Arts,1909.0,Piece,Piece,French,,,,,,,,,,,,,,,,,,ca. 1730,1725,1735,Silk,Overall: 31 1/2 x 18 in. (80 x 45.7 cm),"Rogers Fund, 1909",,,,,,,,,,,,Textiles-Woven,,http://www.metmuseum.org/art/collection/search/217311,,,"Metropolitan Museum of Art, New York, NY",Flowers|Leaves,http://vocab.getty.edu/page/aat/300132399|http://vocab.getty.edu/page/aat/300011892,https://www.wikidata.org/wiki/Q506|https://www.wikidata.org/wiki/Q33971,302.9910942
70300,2008.328.2,False,False,False,383771,,Drawings and Prints,2008.0,Sketchbook,Sketchbook,,,,,,16445.0,Artist, ,Mary Beth McKenzie,"American, born Cleveland, Ohio, 1946", ,"Mckenzie, Mary Beth",American,1946      ,9999      ,Female,http://vocab.getty.edu/page/ulan/500049817,https://www.wikidata.org/wiki/Q6779067,20th–21st century,1946,2008,"Graphite, colored pencil and pastel",Each 10 x 8 in. (25.4 x 20.3 cm),"Gift of the artist, 2008",,,,,,,,,,,,Sketchbooks,,http://www.metmuseum.org/art/collection/search/383771,,,"Metropolitan Museum of Art, New York, NY",,,,145.1873668
98854,"36.25.1539a, b",False,False,False,30992,,Arms and Armor,1936.0,Gauntlet sword (Pata) with scabbard,Gauntlet Sword (Pata) with Scabbard,"hilt and scabbard, Indian; blade, European",,,,,,,,,,,,,,,,,,18th–19th century,1701,1900,"Steel, gold, silver, textile (velvet)",L. with scabbard 54 1/4 in. (137.8 cm); L. without scabbard 53 1/4 in. (135.3 cm); W. 4 in. (10.2 cm); D. 4 in. (10.2 cm); Wt. 3 lb. 15 oz. (1786 g); Wt. of scabbard 5.3 oz. (150.3 g),"Bequest of George C. Stone, 1935",,,,,,,,,,,,Swords,,http://www.metmuseum.org/art/collection/search/30992,,,"Metropolitan Museum of Art, New York, NY",,,,204.1167343
57068,30.8.621,False,False,True,550321,122.0,Egyptian Art,1930.0,"Scarab, Ramesses II",Scarab of Ramesses II,,"New Kingdom, Ramesside",Dynasty 19–20,,,,,,,,,,,,,,,,ca. 1295–1070 B.C.,-1295,-1070,Steatite,L. 1.9 cm (3/4 in.),"Theodore M. Davis Collection, Bequest of Theodore M. Davis, 1915",From,,,,Egypt,,,,,,,,,http://www.metmuseum.org/art/collection/search/550321,https://www.wikidata.org/wiki/Q116272570,,"Metropolitan Museum of Art, New York, NY",Scarabs,http://vocab.getty.edu/page/aat/300230813,https://www.wikidata.org/wiki/Q2442735,117.7667832
148927,30.58.2(153-157),False,False,False,358058,,Drawings and Prints,1930.0,Book,Cartouches,,,,,,802508817.0,Publisher|Artist, | ,Nicolas Gautrot|Jean Bernard Toro,"French, active 18th century|French, Dijon 1672–1731 Toulon",", Paris| ","Gautrot, Nicolas|Toro, Jean Bernard",French|French,1700      |1672      ,1800      |1731      ,|,|http://vocab.getty.edu/page/ulan/500009337,|https://www.wikidata.org/wiki/Q2898693,18th century,1700,1799,,,"Harris Brisbane Dick Fund, 1930",,,,,,,,,,,,Books,,http://www.metmuseum.org/art/collection/search/358058,,,"Metropolitan Museum of Art, New York, NY",,,,306.8133408
90321,51.171.16,False,False,False,2198,774.0,The American Wing,1951.0,Compote,Compote,,,,,,,,,,,,,,,,,,,19th century,1800,1900,Lacy pressed glass,H. 6 1/16 in. (15.4 cm); Diam. 10 1/2 in. (26.7 cm),"Gift of Mrs. Charles W. Green, in memory of Dr. Charles W. Green, 1951",,,,,,,,,,,,,,http://www.metmuseum.org/art/collection/search/2198,https://www.wikidata.org/wiki/Q116390930,,"Metropolitan Museum of Art, New York, NY",,,,186.4519632
115865,17.15.5,False,False,True,219876,,European Sculpture and Decorative Arts,1917.0,Flounce,Flounce,"Belgian, Brussels",,,,,,,,,,,,,,,,,,ca. 1860,1855,1865,Applied,"L. 115 x W. 23 inches
292.1 x 58.4 cm","Gift of Mrs. R.T. Auchmuty, 1917",,,,,,,,,,,,Textiles-Laces,,http://www.metmuseum.org/art/collection/search/219876,,,"Metropolitan Museum of Art, New York, NY",,,,238.9109774
92420,62.66.9,False,False,True,325388,,Ancient Near Eastern Art,1962.0,Stamp seal,Stamp seal,Sasanian,Sasanian,,,,,,,,,,,,,,,,,ca. 3rd–7th century CE,200,700,Jasper,0.28 in. (0.71 cm),"Anonymous Gift, 1962",,,,,,Iran,,,,,,Stone-Stamp Seals,,http://www.metmuseum.org/art/collection/search/325388,,,"Metropolitan Museum of Art, New York, NY",Birds,http://vocab.getty.edu/page/aat/300266506,https://www.wikidata.org/wiki/Q5113,190.8036336
104827,1997.432.2,False,False,False,356933,,Drawings and Prints,1997.0,Print,Mme. André Megard,,,,,,7101.0,Artist, ,Albert Belleroche,"British, Swansea, Wales 1864–1944 Southwell, Nottinghamshire", ,"Belleroche, Albert","British, Welsh",1864      ,1944      ,,,,1900–1935,1900,1935,Lithograph,"Overall: 27 5/8 x 19 1/2 in. (70.2 x 49.5 cm)
image: 21 7/8 x 17 in. (55.5 x 43.2 cm)","Gift of George C. Kenney and Olga Kitsakos-Kenney, 1997",,,,,,,,,,,,Prints,,http://www.metmuseum.org/art/collection/search/356933,,,"Metropolitan Museum of Art, New York, NY",,,,216.4646146
40492,C.I.67.53.1,False,False,False,95278,,Costume Institute,1967.0,Evening dress,Evening dress,French,,,,,163183000000000.0,Manufacturer|Designer|Design House,of textile| | ,Bianchini-Férier|Marc Bohan|House of Dior,"French, founded Lyons, 1888|French, born 1926|French, founded 1947", | | ,"Bianchini-Férier|Bohan, Marc|Dior, House of",French|French|French,1888      |1926-08-22|1947      ,9999      |9999      |9999      ,||,http://vocab.getty.edu/page/ulan/500330418|http://vocab.getty.edu/page/ulan/500071828|http://vocab.getty.edu/page/ulan/500331493,https://www.wikidata.org/wiki/Q16532465|https://www.wikidata.org/wiki/Q3287825|https://www.wikidata.org/wiki/Q542767,spring/summer 1966,1966,1966,silk,,"Gift of Mrs. Charles B. Wrightsman, 1967",,,,,,,,,,,,,,http://www.metmuseum.org/art/collection/search/95278,,,"Metropolitan Museum of Art, New York, NY",,,,83.81681707
27823,56.81.32,False,False,True,324517,,Ancient Near Eastern Art,1956.0,Cylinder seal,Cylinder seal,Mitanni,Mitanni,,,,,,,,,,,,,,,,,ca. 15th–14th century BCE,-1500,-1300,Faience,0.98 in. (2.49 cm),"Rogers Fund, 1956",,,,,,,,,,,,Faience-Cylinder Seals,,http://www.metmuseum.org/art/collection/search/324517,,,"Metropolitan Museum of Art, New York, NY",Men|Trees,http://vocab.getty.edu/page/aat/300025928|http://vocab.getty.edu/page/aat/300132410,https://www.wikidata.org/wiki/Q8441|https://www.wikidata.org/wiki/Q10884,57.85007638
111198,JP88,False,False,True,36567,,Asian Art,1914.0,Print,東海道五十三次　袋井|Fukuroi,Japan,Edo period (1615–1868),,,,16476.0,Artist, ,Utagawa Hiroshige,"Japanese, Tokyo (Edo) 1797–1858 Tokyo (Edo)", ,"Utagawa, Hiroshige",Japanese,1797      ,1858      ,,http://vocab.getty.edu/page/ulan/500019641,https://www.wikidata.org/wiki/Q200798,ca. 1838,1828,1848,Woodblock print; ink and color on paper,8 1/2 x 6 1/2 in. (21.6 x 16.5 cm),"Rogers Fund, 1914",,,,,,,,,,,,Prints,,http://www.metmuseum.org/art/collection/search/36567,,,"Metropolitan Museum of Art, New York, NY",Animals|Houses|Landscapes|Trees,http://vocab.getty.edu/page/aat/300249525|http://vocab.getty.edu/page/aat/300005433|http://vocab.getty.edu/page/aat/300132294|http://vocab.getty.edu/page/aat/300132410,https://www.wikidata.org/wiki/Q729|https://www.wikidata.org/wiki/Q3947|https://www.wikidata.org/wiki/Q191163|https://www.wikidata.org/wiki/Q10884,229.341054
114748,02.4.17,False,False,True,552014,,Egyptian Art,1902.0,"Jar, rough ware",Rough ware jar,,Early Dynastic Period,Dynasty 1,,,,,,,,,,,,,,,,ca. 2960–2770 B.C.,-2960,-2960,Pottery,,"Gift of Egypt Exploration Fund, 1902",From,,,,Egypt,Northern Upper Egypt,Abydos,Osiris Temple precinct,Tomb M12,"Egypt Exploration Fund excavations, 1902",,,,http://www.metmuseum.org/art/collection/search/552014,,,"Metropolitan Museum of Art, New York, NY",,,,236.6902531
94077,23.112.1116,False,False,True,379195,,Drawings and Prints,1923.0,Drawing,"Design for T-Cart, no. 3433",,,,,,16517.0,Manufacturer, ,Brewster & Co.,"American, New York", ,Brewster & Co.,American,          ,          ,,,,1878,1878,1878,"Pen and black ink, watercolor and gouache with gum arabic",Sheet: 6 1/4 × 9 1/8 in. (15.9 × 23.2 cm),"Gift of William Brewster, 1923",,,,,,,,,,,,Drawings,,http://www.metmuseum.org/art/collection/search/379195,,,"Metropolitan Museum of Art, New York, NY",Carriages,http://vocab.getty.edu/page/aat/300185335,https://www.wikidata.org/wiki/Q235356,194.317794
137858,89.4.791,False,False,False,501404,,Musical Instruments,1889.0,Gore,Gore,Melanesian,,,,,,,,,,,,,,,,,,late 19th century,1850,1900,Cane,"L. 68 cm (26-13/16 in.), D.+/- 1.6 cm (11/16 in.) (Richard Campbell '80)","The Crosby Brown Collection of Musical Instruments, 1889",,,,"Aoba island, Ambae",Vanuatu,,,,,,,Aerophone-Blow Hole-end-blown flute (vertical),,http://www.metmuseum.org/art/collection/search/501404,,,"Metropolitan Museum of Art, New York, NY",,,,284.1307396
105563,43.33.320,False,False,False,374981,,Drawings and Prints,1943.0,Print,Beethoven,,,,,,9736516346.0,Artist|Publisher, |Published by,Edgar Imler|WPA,"American, Clairsville, Pennsylvania 1896–1973 Altoona, Pennsylvania| ", | ,"Imler, Edgar|WPA",American| ,1896      |          ,1973      |          ,|,http://vocab.getty.edu/page/ulan/500054413|http://vocab.getty.edu/page/ulan/500227524,|https://www.wikidata.org/wiki/Q1200079,1935–43,1935,1943,Carborundum Etching,plate: 9 3/4 x 8 in. (24.8 x 20.3 cm) sheet: 14 x 11 1/4 in. (35.6 x 28.6 cm),"Gift of the Work Projects Administration, New York, 1943",,,,,,,,,,,,Prints,,http://www.metmuseum.org/art/collection/search/374981,,,"Metropolitan Museum of Art, New York, NY",,,,217.9108668
44950,C.I.51.48.3,False,False,False,105655,,Costume Institute,1951.0,Evening dress,Evening dress,French,,,,,16226.0,Designer, ,Paul Poiret,"French, Paris 1879–1944 Paris", ,"Poiret, Paul",French,1879      ,1944      ,,http://vocab.getty.edu/page/ulan/500061001,https://www.wikidata.org/wiki/Q631884,1924,1924,1924,"silk, metallic",,"Gift of Mrs. Robert L. Dodge, 1951",,,,,,,,,,,,,,http://www.metmuseum.org/art/collection/search/105655,,,"Metropolitan Museum of Art, New York, NY",,,,93.02765368
17060,36.25.586,False,False,False,31912,,Arms and Armor,1936.0,Shield (Dhál),Shield (Dhál),Indian,,,,,,,,,,,,,,,,,,19th century,1801,1900,"Leather, iron, lacquer",Diam. 19 3/4 in. (50.2 cm),"Bequest of George C. Stone, 1935",,,,,,,,,,,,Shields,,http://www.metmuseum.org/art/collection/search/31912,,,"Metropolitan Museum of Art, New York, NY",,,,35.39901089
142378,1985.191.1a,False,False,False,5550,774.0,The American Wing,1985.0,Pattern,Pattern for applied gold floral motifs on the Magnolia Vase,American,,,,,16253.0,Maker, ,Tiffany & Co.,1837–present, ,Tiffany & Co., ,1837      ,9999      ,,http://vocab.getty.edu/page/ulan/500330306,https://www.wikidata.org/wiki/Q1066858,ca. 1893,1890,1896,"Alloy of lead, tin, pewter",8 7/16 x 4 1/4 in. (21.4 x 10.8 cm),"Gift of Tiffany & Company, 1985",Made in,New York,,,United States,,,,,,,,,http://www.metmuseum.org/art/collection/search/5550,https://www.wikidata.org/wiki/Q116392320,,"Metropolitan Museum of Art, New York, NY",,,,293.3966817
83953,1998.493.501a–c,False,False,False,92921,,Costume Institute,1998.0,Ensemble,Ensemble,American,,,,,2043.0,Designer, ,Giorgio di Sant'Angelo,"American, born Italy, 1933–1989", ,Sant'Angelo Giorgio,American,1933      ,1989      ,,http://vocab.getty.edu/page/ulan/500335105,https://www.wikidata.org/wiki/Q5563512,fall/winter 1988–89,1988,1989,synthetic fiber,,"Gift of Martin F. Price, 1998",,,,,,,,,,,,,,http://www.metmuseum.org/art/collection/search/92921,,,"Metropolitan Museum of Art, New York, NY",,,,173.3003935
92326,2016.396.62,False,False,False,732282,,Modern and Contemporary Art,2016.0,Fork,Dinner fork,,,,,,19388919388.0,Designer|Designer, | ,Ada Louise Huxtable|Garth Huxtable, | , | ,"Huxtable, Ada Louise|Huxtable, Garth", | ,          |          ,          |          ,Female|,http://vocab.getty.edu/page/ulan/500205844|http://vocab.getty.edu/page/ulan/500433859,https://www.wikidata.org/wiki/Q2791138|https://www.wikidata.org/wiki/Q55218999,1959,1959,1959,Stainless steel,,"Gift of The Four Seasons Restaurant, 2016",,,,,,,,,,,,Metal-Implements,,http://www.metmuseum.org/art/collection/search/732282,,,"Metropolitan Museum of Art, New York, NY",,,,190.6020335
34897,36.90.1717,False,False,True,224805,,European Sculpture and Decorative Arts,1936.0,Sample,Sample,French,,,,,,,,,,,,,,,,,,early 19th century,1800,1815,Silk and metal thread on felt,"L. 3 1/2 x W. 2 5/8 inches
8.9 x 6.7 cm","Gift of The United Piece Dye Works, 1936",,,,,,,,,,,,Textiles-Embroidered,,http://www.metmuseum.org/art/collection/search/224805,,,"Metropolitan Museum of Art, New York, NY",,,,72.37043468
5954,2015.400.227,False,False,False,696419,,Photographs,2015.0,Photograph; postcard,[Two Men],,,,,,16998.0,Artist, ,Unknown, , ,Unknown, ,          ,          ,,http://vocab.getty.edu/page/ulan/500125274,https://www.wikidata.org/wiki/Q24238356,1900s,1900,1909,Gelatin silver print,Image: 5 3/8 × 3 7/16 in. (13.7 × 8.7 cm),"Bequest of Herbert Mitchell, 2008",,,,,,,,,,,,Photographs,,http://www.metmuseum.org/art/collection/search/696419,,,"Metropolitan Museum of Art, New York, NY",,,,12.48862548
124648,43.11.132,False,False,False,729688,,Drawings and Prints,1943.0,"Print, poster",Invest in Liberty Bonds to-day,,,,,,1940810000000000.0,Printer|Publisher|Artist, |Issued by| ,Brown Robertson Co.|Liberty Loan Committee|Louis Raemaekers," | |Dutch, Brussels, 1869–?1956", | | ,"Brown Robertson Co.|Liberty Loan Committee|Raemaekers, Louis",American| |Flemish,1912      |1917      |1869      ,1927      |1919      |1956      ,||,||http://vocab.getty.edu/page/ulan/500110122,||https://www.wikidata.org/wiki/Q2073966,1917,1917,1917,Commercial lithograph,Sheet: 18 7/8 in. × 12 in. (48 × 30.5 cm),"Gift of Alfred Augustus Fraser III, 1943",,,,,,,,,,,,Prints|Posters,,http://www.metmuseum.org/art/collection/search/729688,,,"Metropolitan Museum of Art, New York, NY",Soldiers|World War I|Men,http://vocab.getty.edu/page/aat/300185678|http://vocab.getty.edu/page/ia/901000143|http://vocab.getty.edu/page/aat/300025928,https://www.wikidata.org/wiki/Q4991371|https://www.wikidata.org/wiki/Q361|https://www.wikidata.org/wiki/Q8441,256.7387075
46061,26.3.163c,False,False,True,558551,127.0,Egyptian Art,1926.0,"Shabti, Nespekashuty",Uninscribed shabti from tomb of Nespekashuty,,"Late Period, Saite",Dynasty 26,reign of Psamtik I,,,,,,,,,,,,,,,664–610 B.C.,-664,-664,Faience,3 3/8 in. (8.5 cm),"Rogers Fund, 1926",From,,,,Egypt,"Upper Egypt, Thebes",Deir el-Bahri,"Tomb of Nespekashuty (TT 312, MMA 509)",,"MMA excavations, 1922–26",,,,http://www.metmuseum.org/art/collection/search/558551,https://www.wikidata.org/wiki/Q116432969,,"Metropolitan Museum of Art, New York, NY",,,,95.43721243
62978,07.225.510.675,False,False,False,190397,,European Sculpture and Decorative Arts,1907.0,Ornament,Ornament,French,,,,,,,,,,,,,,,,,,18th century,1700,1799,Gilt bronze,Height: 5 in. (12.7 cm),"Gift of J. Pierpont Morgan, 1906",,,,,,,,,,,,Metalwork-Gilt Bronze,,http://www.metmuseum.org/art/collection/search/190397,,,"Metropolitan Museum of Art, New York, NY",,,,129.8685256
21594,"Burdick 537, W500.803",False,False,False,826922,,Drawings and Prints,1963.0,Print,"Bell Tower, Heart Island from Thousand Islands, New York souvenir views (W500)",,,,,,,,,,,,,,,,,,,ca. 1920–30,1920,1930,Commercial photolithograph,Sheet: 2 3/16 × 3 7/16 in. (5.5 × 8.8 cm),"The Jefferson R. Burdick Collection, Gift of Jefferson R. Burdick",,,,,,,,,,,,Prints|Ephemera,,http://www.metmuseum.org/art/collection/search/826922,,,"Metropolitan Museum of Art, New York, NY",,,,44.83068457
67915,24.63.907,False,False,True,395489,,Drawings and Prints,1924.0,Print,Pope Pius VII on the Saône,,,,,,16314.0,Artist, ,Jean Jacques de Boissieu,"French, Lyons 1736–1810 Lyons", ,"Boissieu, Jean Jacques de",French,1736      ,1810      ,,http://vocab.getty.edu/page/ulan/500026206,https://www.wikidata.org/wiki/Q976026,1805,1805,1805,Etching with drypoint; third state of three,Sheet: 12 3/16 × 16 3/4 in. (31 × 42.6 cm),"Gift of Georgiana W. Sargent, in memory of John Osborne Sargent, 1924",,,,,,,,,,,,Prints,,http://www.metmuseum.org/art/collection/search/395489,,,"Metropolitan Museum of Art, New York, NY",Rivers|Popes|Boats,http://vocab.getty.edu/page/aat/300008707|http://vocab.getty.edu/page/aat/300025773|http://vocab.getty.edu/page/aat/300178749,https://www.wikidata.org/wiki/Q4022|https://www.wikidata.org/wiki/Q19546|https://www.wikidata.org/wiki/Q35872,140.2854501
99712,74.51.5667,False,False,False,244546,,Greek and Roman Art,1874.0,Lampstand with hoof feet,Lampstand with hoof feet,,,,,,,,,,,,,,,,,,,,-7000,330,Bronze,25 3/4in. (65.4cm),"The Cesnola Collection, Purchased by subscription, 1874–76",,,,,,,,,,,,Bronzes,,http://www.metmuseum.org/art/collection/search/244546,,,"Metropolitan Museum of Art, New York, NY",,,,205.7988877
61809,11.60.562–.563,False,False,True,219227,,European Sculpture and Decorative Arts,1911.0,Samples,Samples (2),French,,,,,,,,,,,,,,,,,,first half 19th century,1800,1850,Silk,,"Bequest of Maria P. James, 1911",,,,,,,,,,,,Textiles-Woven,,http://www.metmuseum.org/art/collection/search/219227,,,"Metropolitan Museum of Art, New York, NY",,,,127.4660817
100833,68.109.1–.3,False,False,True,204843,,European Sculpture and Decorative Arts,1968.0,Cup and two saucers,Cup and two saucers,"Chinese, for Dutch market",,,,,,,,,,,,,,,,,,late 18th–early 19th century,1785,1815,Hard-paste porcelain,"Height (cup .1): 1 3/8 in. (3.5 cm);
Diameter (each saucer .2, .3): 4 in. (10.2 cm)","Helena Woolworth McCann Collection, Purchase, Winfield Foundation Gift, 1968",,,,,,,,,,,,Ceramics-Porcelain-Export,,http://www.metmuseum.org/art/collection/search/204843,,,"Metropolitan Museum of Art, New York, NY",Coat of Arms,http://vocab.getty.edu/page/aat/300126352,https://www.wikidata.org/wiki/Q14659,208.2353594
101511,1975.1.926,False,False,False,459521,,Robert Lehman Collection,1975.0,Drawing,Large Boston Public Garden Sketchbook: Two women sitting in a park,,,,,,16227.0,Artist, ,Maurice Brazil Prendergast ,"American, St. John’s, Newfoundland 1858–1924 New York", ,"Prendergast, Maurice Brazil",American,1858      ,1924      ,,http://vocab.getty.edu/page/ulan/500004329,https://www.wikidata.org/wiki/Q248707,1895–97,1895,1897,"Recto: watercolor over pencil, bordered in pencil and watercolor; verso: pencil",14 1/8 x 11 3/16 in.  (35.8 x 28.4 cm),"Robert Lehman Collection, 1975",,,,,,,,,,,,Drawings,,http://www.metmuseum.org/art/collection/search/459521,,,"Metropolitan Museum of Art, New York, NY",Parks|Women,http://vocab.getty.edu/page/aat/300008187|http://vocab.getty.edu/page/aat/300025943,https://www.wikidata.org/wiki/Q22698|https://www.wikidata.org/wiki/Q467,209.6598028
110920,59.533.358,False,False,True,738532,,Drawings and Prints,1959.0,Print,Leap Year,,,,,,10281316509.0,Etcher|Artist,Etched and published by|After,T. Smith|Thomas Rowlandson,"British, active London 1785–1800|British, London 1757–1827 London", | ,"Smith, T.|Rowlandson, Thomas",British|British,1785      |1757      ,1787      |1827      ,|,|http://vocab.getty.edu/page/ulan/500006930,|https://www.wikidata.org/wiki/Q318584,"April 20, 1790",1790,1790,Colored stippled etching and aquatint,Sheet (trimmed): 8 5/16 in. (21.1 cm),"The Elisha Whittelsey Collection, The Elisha Whittelsey Fund, 1959",,,,,,,,,,,,Prints,,http://www.metmuseum.org/art/collection/search/738532,,,"Metropolitan Museum of Art, New York, NY",Men|Women,http://vocab.getty.edu/page/aat/300025928|http://vocab.getty.edu/page/aat/300025943,https://www.wikidata.org/wiki/Q8441|https://www.wikidata.org/wiki/Q467,228.8641879
10960,63.350.207.145.2.290,False,False,True,645248,,Drawings and Prints,1963.0,Print,"Card Number 6, Lilly Post, from the Actors and Actresses series (N145-2) issued by Duke Sons & Co. to promote Cross Cut Cigarettes",,,,,,10567.0,Publisher,Issued by,"W. Duke, Sons & Co.","New York and Durham, N.C.", ,"Duke, W. Sons & Co.",American,1870      ,1920      ,,(not assigned),https://www.wikidata.org/wiki/Q66734555,1880s,1880,1889,Albumen photograph,Sheet: 2 5/8 × 1 7/16 in. (6.6 × 3.7 cm),"The Jefferson R. Burdick Collection, Gift of Jefferson R. Burdick",,,,,,,,,,,,Photographs|Ephemera,,http://www.metmuseum.org/art/collection/search/645248,,,"Metropolitan Museum of Art, New York, NY",Women|Actresses,http://vocab.getty.edu/page/aat/300025943|http://vocab.getty.edu/page/aat/300025658,https://www.wikidata.org/wiki/Q467|https://www.wikidata.org/wiki/Q21169216,22.78608457
35723,1985.399.12,False,False,True,59654,,Asian Art,1985.0,Netsuke,,Japan,,,,,1338.0,Artist, ,Jugyoku, , ,Jugyoku, ,          ,          ,,(not assigned),https://www.wikidata.org/wiki/Q58315085,late 19th century,1871,1899,Stippled ivory,H. 9/16 in. (1.4 cm); W. 2 in. (5.1 cm),"Gift of Alvin H. Schechter, 1985",,,,,,,,,,,,Netsuke,,http://www.metmuseum.org/art/collection/search/59654,,,"Metropolitan Museum of Art, New York, NY",Fish,http://vocab.getty.edu/page/aat/300266085,https://www.wikidata.org/wiki/Q152,74.07654872
69893,43.49.1,False,True,True,44763,233.0,Asian Art,1943.0,Earring,금제 귀걸이  삼국 가야|金製耳飾 三國 伽倻|Earring (one of a pair),Korea,"Three Kingdoms period, Gaya Federation (42–562)",,,,,,,,,,,,,,,,,6th century,500,562,Gold,L. 3 3/4 in. (9.5 cm); W. 1 1/8 in. (2.9 cm),"Harris Brisbane Dick Fund, 1943",,,,,,,,,,,,Jewelry,,http://www.metmuseum.org/art/collection/search/44763,https://www.wikidata.org/wiki/Q83562419,,"Metropolitan Museum of Art, New York, NY",,,,144.370237
50374,49.55.288,False,False,False,269403,,Photographs,1949.0,Photograph,Sick Herring Gull,,,,,,5483.0,Artist, ,Eliot Porter,"American, 1901–1990", ,"Porter, Eliot",American,1901      ,1990      ,,(not assigned),https://www.wikidata.org/wiki/Q762632,1937,1937,1937,Gelatin silver print,18.6 x 21.7 cm. (7  5/16  x 8  9/16  in.),"Alfred Stieglitz Collection, 1949",,,,,,,,,,,,Photographs,"© 1990 Amon Carter Museum, Fort Worth, Texas",http://www.metmuseum.org/art/collection/search/269403,,,"Metropolitan Museum of Art, New York, NY",,,,104.0974469
87140,JP2858,False,False,True,57047,,Asian Art,1939.0,Print,Toto Mitsumata no zu|Picture of Mitsumata,Japan,Edo period (1615–1868),,,,1183.0,Artist, ,Utagawa Kuniyoshi,"Japanese, 1797–1861", ,Utagawa Kuniyoshi,Japanese,1797      ,1861      ,,http://vocab.getty.edu/page/ulan/500063102,https://www.wikidata.org/wiki/Q317736,1797–1861,1797,1861,Woodblock print; ink and color on paper,10 x 14 1/2 in. (25.4 x 36.8 cm),"Henry L. Phillips Collection, Bequest of Henry L. Phillips, 1939",,,,,,,,,,,,Prints,,http://www.metmuseum.org/art/collection/search/57047,,,"Metropolitan Museum of Art, New York, NY",Bridges|Fire|Boats|Rivers,http://vocab.getty.edu/page/aat/300386855|http://vocab.getty.edu/page/aat/300417275|http://vocab.getty.edu/page/aat/300178749|http://vocab.getty.edu/page/aat/300008707,https://www.wikidata.org/wiki/Q12280|https://www.wikidata.org/wiki/Q3196|https://www.wikidata.org/wiki/Q35872|https://www.wikidata.org/wiki/Q4022,179.9485763
76207,83.2.140,False,False,False,893954,,Drawings and Prints,1883.0,Print,General Washington,,,,,,,Publisher|Sitter|Engraver|Artist, | | |After,Valentine Green|George Washington|Valentine Green|John Trumbull,"British, Salford 1739–1813 London|American, 1732–1799|British, Salford 1739–1813 London|American, Lebanon, Connecticut 1756–1843 New York", | | | ,"Green, Valentine|Washington, George|Green, Valentine|Trumbull, John",British|American|British|American,1739      |1732      |1739      |1756      ,1813      |1799      |1813      |1843      ,|||,http://vocab.getty.edu/page/ulan/500021991|http://vocab.getty.edu/page/ulan/500126198|http://vocab.getty.edu/page/ulan/500021991|http://vocab.getty.edu/page/ulan/500016000,https://www.wikidata.org/wiki/Q5770067|https://www.wikidata.org/wiki/Q23|https://www.wikidata.org/wiki/Q5770067|https://www.wikidata.org/wiki/Q369263,"January 15, 1781",1781,1781,Mezzotint; second state of two,Sheet (trimmed to platemark): 24 15/16 × 15 15/16 in. (63.3 × 40.5 cm),"Gift of William H. Huntington, 1883",,,,,,,,,,,,Prints,,http://www.metmuseum.org/art/collection/search/893954,,,"Metropolitan Museum of Art, New York, NY",,,,157.5128237
49692,1973.79.39,False,False,True,452460,,Islamic Art,1973.0,Fragment,Fragment of a Bowl or Cup,,,,,,,,,,,,,,,,,,,13th–16th century,1200,1599,Stonepaste; painted under transparent glaze,,"Gift of Jack A. Josephson, 1973",Made in,,,,Egypt,,,,,,,Ceramics,,http://www.metmuseum.org/art/collection/search/452460,,,"Metropolitan Museum of Art, New York, NY",,,,102.7211356
92632,33.120.308,False,False,True,5820,774.0,The American Wing,1933.0,Cream pot,Creamer,American,,,,,151.0,Maker, ,Lewis and Smith,active ca. 1805–11, ,Lewis and Smith ,American,1802      ,1811      ,,,,ca. 1810,1807,1813,Silver,"Overall: 4 13/16 x 5 1/4 in. (12.2 x 13.3 cm); 5 oz. 13 dwt. (175.7 g)
Foot: 3 1/8 x 2 1/4 in. (7.9 x 5.7 cm)","Bequest of Alphonso T. Clearwater, 1933",Made in,Philadelphia,,,United States,,,,,,,,,http://www.metmuseum.org/art/collection/search/5820,https://www.wikidata.org/wiki/Q116358959,,"Metropolitan Museum of Art, New York, NY",,,,191.2209267
9274,63.350.215.172.1490,False,False,True,403743,,Drawings and Prints,1963.0,"Baseball card, photograph","Frederick B. ""Ned"" Jevne, Left Field, Minneapolis, from the Old Judge series (N172) for Old Judge Cigarettes",,,,,,16328.0,Publisher,Issued by,Goodwin & Company, , ,Goodwin & Company, ,1850      ,1950      ,,(not assigned),https://www.wikidata.org/wiki/Q5583666,1887–90,1887,1890,Albumen photograph,sheet: 2 11/16 x 1 3/8 in. (6.9 x 3.5 cm),"The Jefferson R. Burdick Collection, Gift of Jefferson R. Burdick",,,,,,,,,,,,Photographs|Ephemera,,http://www.metmuseum.org/art/collection/search/403743,https://www.wikidata.org/wiki/Q96035197,,"Metropolitan Museum of Art, New York, NY",Men|Portraits|Baseball|Athletes,http://vocab.getty.edu/page/aat/300025928|http://vocab.getty.edu/page/aat/300015637|http://vocab.getty.edu/page/aat/300222760|http://vocab.getty.edu/page/aat/300236025,https://www.wikidata.org/wiki/Q8441|https://www.wikidata.org/wiki/Q134307|https://www.wikidata.org/wiki/Q5369|https://www.wikidata.org/wiki/Q2066131,19.40864745
66750,"2009.300.584a, b",False,False,False,159131,,Costume Institute,2009.0,Cocktail Dress,Cocktail dress,American,,,,,2039.0,Designer, ,Charles James,"American, born Great Britain, 1906–1978", ,James Charles,American,1906      ,1978      ,,(not assigned),https://www.wikidata.org/wiki/Q5079420,1950,1950,1950,silk,,"Brooklyn Museum Costume Collection at The Metropolitan Museum of Art, Gift of the Brooklyn Museum, 2009; Gift of Erik Lee Preminger in memory of his mother, Gypsy Rose Lee, 1993",,,,,,,,,,,,,,http://www.metmuseum.org/art/collection/search/159131,,,"Metropolitan Museum of Art, New York, NY",,,,137.7996752
30857,63.350.214.173.128,False,False,True,400334,,Drawings and Prints,1963.0,"Baseball card, photograph","N. Hudson, Pitcher, St. Louis Browns, from the series Old Judge Cigarettes",,,,,,16328.0,Publisher,Issued by,Goodwin & Company, , ,Goodwin & Company, ,1850      ,1950      ,,(not assigned),https://www.wikidata.org/wiki/Q5583666,1888,1888,1888,"Albumen print photograph, cabinet card",sheet: 6 1/2 x 4 3/8 in. (16.5 x 11.1 cm),"The Jefferson R. Burdick Collection, Gift of Jefferson R. Burdick",,,,,,,,,,,,Photographs|Ephemera,,http://www.metmuseum.org/art/collection/search/400334,,,"Metropolitan Museum of Art, New York, NY",Baseball|Men|Portraits|Athletes,http://vocab.getty.edu/page/aat/300222760|http://vocab.getty.edu/page/aat/300025928|http://vocab.getty.edu/page/aat/300015637|http://vocab.getty.edu/page/aat/300236025,https://www.wikidata.org/wiki/Q5369|https://www.wikidata.org/wiki/Q8441|https://www.wikidata.org/wiki/Q134307|https://www.wikidata.org/wiki/Q2066131,63.89994224
40928,2011.604.10.264,False,False,True,766243,,Greek and Roman Art,2011.0,Undetermined shape,Terracotta fragment of an undetermined shape,Etruscan,Archaic,,,,,,,,,,,,,,,,,7th century BCE or later,-700,-300,Terracotta,,"Gift of Dietrich von Bothmer, Distinguished Research Curator, Greek and Roman Art, 2011",,,,,,,,,,,,Vases,,http://www.metmuseum.org/art/collection/search/766243,,,"Metropolitan Museum of Art, New York, NY",,,,84.67961805
80237,11.87.7,True,True,True,4470,749.0,The American Wing,1911.0,Chocolate jar,Chocolate Jar (Chocolatero),Mexican,,,,,,,,,,,,,,,,,,ca. 1700,1697,1700,"Tin-glazed earthenware, iron",H. 10 1/4 in. (26 cm),"Gift of Mrs. Robert W. de Forest, 1911",Made in,Puebla,,,Mexico,,,,,,,,,http://www.metmuseum.org/art/collection/search/4470,https://www.wikidata.org/wiki/Q104412971,,"Metropolitan Museum of Art, New York, NY",,,,165.8238965
137376,63.350.224.369.162,False,False,False,663863,,Drawings and Prints,1963.0,Photograph,"Actress seated on prop bouler, from the Actresses series (N369), issued by the Lone Jack Cigarette Company to promote Lone Jack Cigarettes",,,,,,17991.0,Publisher,Issued by,Lone Jack Cigarette Company, , ,Lone Jack Cigarette Company, ,          ,          ,,,,1887,1887,1887,Albumen photograph,Sheet: 2 11/16 × 1 7/16 in. (6.8 × 3.7 cm),"The Jefferson R. Burdick Collection, Gift of Jefferson R. Burdick",,,,,,,,,,,,Photographs|Ephemera,,http://www.metmuseum.org/art/collection/search/663863,,,"Metropolitan Museum of Art, New York, NY",,,,283.1407838
13185,48.101.41,False,False,False,450795,,Islamic Art,1948.0,Fragments of a bowl,Fragments of a Bowl,,,,,,,,,,,,,,,,,,,11th–12th century,1000,1199,"Earthenware; off-white body, white slip decorated in black, under copper alkaline glaze","a: H. 2 9/16 in. (6.5 cm)
    W. 5 1/4 in. (13.3 cm)
    D.  4 7/16 in. (11.3 cm)
    Wt. 5.8 oz. (164.4 g)
b: H. 5/8 in. (1.6 cm)
    W. 2 1/2 in. (6.4 cm)
    D. 1 1/2 in. (3.8 cm)
    Wt. 0.4 oz. (11.3 g)
c: H. 13/16 in. (2.1 cm)
    W. 3 9/16 in. (9 cm)
    D. 2 3/4 in. (7 cm)
    Wt. 1.2 oz. (34 g)","Rogers Fund, 1948",Excavated in,Nishapur,,,Iran,,,,,,,Ceramics,,http://www.metmuseum.org/art/collection/search/450795,,,"Metropolitan Museum of Art, New York, NY",,,,27.5226026
80993,1991.300,False,True,True,38511,235.0,Asian Art,1991.0,Relief,,India (Uttar Pradesh),Gupta period,,,,,,,,,,,,,,,,,5th century,400,499,Terracotta,H. 21 in. (53.3 cm); W.16 in. (40.6 cm); D. 4 1/4 in. (10.8 cm),"Purchase, Florence and Herbert Irving Gift, 1991",,,,,,,,,,,,Sculpture,,http://www.metmuseum.org/art/collection/search/38511,https://www.wikidata.org/wiki/Q83562110,,"Metropolitan Museum of Art, New York, NY",Horses|Demons|Krishna|Gupta,http://vocab.getty.edu/page/aat/300250148|http://vocab.getty.edu/page/aat/300379730|http://vocab.getty.edu/page/ia/901000876|http://vocab.getty.edu/page/aat/300018904,https://www.wikidata.org/wiki/Q726|https://www.wikidata.org/wiki/Q177413|https://www.wikidata.org/wiki/Q42891| ,167.3835968
7719,1986.1180.1982,False,False,False,888695,,Drawings and Prints,1986.0,Print,"Visitors to Monte Carlo, from ""The Graphic,"" Summer Number",,,,,,72336700000000.0,Printer|Engraver|Artist,Attributed to|Attributed to|After,Edmund Evans|Edmund Evans|Randolph Caldecott,"British, Southwark, London 1826–1905 Ventnor, Isle of Wight|British, Southwark, London 1826–1905 Ventnor, Isle of Wight|British, Chester 1846–1886 St. Augustine, Florida", | | ,"Evans, Edmund|Evans, Edmund|Caldecott, Randolph",British|British|British,1826      |1826      |1846      ,1905      |1905      |1886      ,||,||http://vocab.getty.edu/page/ulan/500002467,||https://www.wikidata.org/wiki/Q1364488,"July 28, 1879",1879,1879,Color wood engraving,Sheet: 16 × 12 in. (40.6 × 30.5 cm),"Bequest of Grace M. Pugh, 1985",,,,,,,,,,,,Prints,,http://www.metmuseum.org/art/collection/search/888695,,,"Metropolitan Museum of Art, New York, NY",,,,16.19437896
17968,48.1(1.121),False,False,False,641310,,Drawings and Prints,1948.0,Print,"Francesco Bassano, bound in L'Oeuvre original de Vivant Denon. Collection de eaux-fortes, Volume 1",,,,,,1618277989.0,Artist|Publisher, |Published by,baron Dominique Vivant Denon|A. Barrand,"French, Givry 1747–1825 Paris| "," |, Paris","Denon, Dominique Vivant Baron|Barrand, A.",French|French,1747      |          ,1825      |          ,|,http://vocab.getty.edu/page/ulan/500032492|,https://www.wikidata.org/wiki/Q468618|,1873,1873,1873,Lithograph,"Plate: 3 1/4 × 3 1/8 in. (8.3 × 8 cm)
Sheet: 15 3/8 × 11 1/4 in. (39 × 28.5 cm)","Harris Brisbane Dick Fund, 1948",,Paris,,,,,,,,,,Books,,http://www.metmuseum.org/art/collection/search/641310,,,"Metropolitan Museum of Art, New York, NY",,,,37.25962482
41167,63.350.243.51.176,False,False,False,634708,,Drawings and Prints,1963.0,Print,"Yale, from the College series (T51), First Set (1-25), 2nd Edition, issued by Murad Cigarettes",,,,,,10473.0,Publisher,Issued by,Murad Cigarettes, , ,Murad Cigarettes, ,          ,          ,,,,1910–11,1910,1911,Commercial color lithograph,Sheet: 2 1/16 × 2 11/16 in. (5.3 × 6.8 cm),"The Jefferson R. Burdick Collection, Gift of Jefferson R. Burdick",,,,,,,,,,,,Prints|Ephemera,,http://www.metmuseum.org/art/collection/search/634708,,,"Metropolitan Museum of Art, New York, NY",,,,85.17766329
48140,1977.536,False,False,False,261982,,Photographs,1977.0,Photograph,The Designer,,,,,,5663.0,Artist, ,Kate Steinitz,"American, 1889–1975", ,"Steinitz, Kate",American,1889      ,1975      ,Female,http://vocab.getty.edu/page/ulan/500082432,https://www.wikidata.org/wiki/Q6567261,ca. 1945,1943,1947,Gelatin silver print,23.7 x 17.0 cm. (9  5/16  x 6  11/16  in.),"Warner Communications Inc. Purchase Fund, 1977",,,,,,,,,,,,Photographs,,http://www.metmuseum.org/art/collection/search/261982,https://www.wikidata.org/wiki/Q98822557,,"Metropolitan Museum of Art, New York, NY",,,,99.49231944
49427,48.117.18,False,False,True,757267,,Drawings and Prints,1948.0,Print,"You don't need to remind me of his achievements. Every day I have them in front of my eyes, from 'News of the day,' published in Le Charivari, November 1, 1871",,,,,'News of the day' (Actualités),16180.0,Artist, ,Honoré Daumier,"French, Marseilles 1808–1879 Valmondois", ,"Daumier, Honoré",French,1808      ,1879      ,,http://vocab.getty.edu/page/ulan/500117998,https://www.wikidata.org/wiki/Q187506,"November 1, 1871",1871,1871,Lithograph on newsprint; second state of two (Delteil),"Image: 9 5/16 × 7 9/16 in. (23.7 × 19.2 cm)
Sheet: 11 5/8 × 11 7/8 in. (29.5 × 30.2 cm)","Harris Brisbane Dick Fund, 1948",,,,,,,,,,,,Prints,,http://www.metmuseum.org/art/collection/search/757267,,,"Metropolitan Museum of Art, New York, NY",Men|Working,http://vocab.getty.edu/page/aat/300025928|http://vocab.getty.edu/page/aat/300412186,https://www.wikidata.org/wiki/Q8441|https://www.wikidata.org/wiki/Q6958747,102.0886368
38005,57.51.38.9,False,False,True,75091,,Asian Art,1957.0,Folio,,India (Gujarat),,,,,1420.0,Artist, ,Bhadrabahu,"Indian, died ca. 356 BCE", ,Bhadrabahu,Indian,-0356     ,-0356     ,,(not assigned),https://www.wikidata.org/wiki/Q3524867,15th century,1400,1499,"Ink, opaque watercolor, and gold on paper",(Average size .1–.71): 4 1/2 x 11 3/8 in. (11.4 x 28.9 cm),"Bequest of Cora Timken Burnett, 1956",,,,,,,,,,,,Paintings,,http://www.metmuseum.org/art/collection/search/75091,https://www.wikidata.org/wiki/Q78681306,,"Metropolitan Museum of Art, New York, NY",,,,78.6851128
143296,54.90.518,False,False,False,381207,,Drawings and Prints,1954.0,Drawing,"Fort Niagara and Fort George (recto); Entrance to the Niagara River (verso) (Fort Niagara, Partie du Canal du Fort George, Ouverture de la rivière Niagara)",,,,,,16212.0,Artist, ,Jacques Gérard Milbert,"French, Paris 1766–1840 Paris", ,"Milbert, Jacques Gérard",French,1766      ,1840      ,,http://vocab.getty.edu/page/ulan/500108046,https://www.wikidata.org/wiki/Q3157956,"August 18, 1818",1818,1818,Graphite,sheet: 6 3/8 x 9 3/16 in. (16.2 x 23.4 cm),"The Edward W. C. Arnold Collection of New York Prints, Maps and Pictures, Bequest of Edward W. C. Arnold, 1954",,,,,,,,,,,,Drawings,,http://www.metmuseum.org/art/collection/search/381207,,,"Metropolitan Museum of Art, New York, NY",,,,295.2108338
118567,63.350.207.136.11,False,False,True,640118,,Drawings and Prints,1963.0,Print,"""Let her go slow, Gallagher,"" from the Terrors of America set (N136) issued by Duke Sons & Co. to promote Honest Long Cut Tobacco",,,,,,10599710567.0,Lithographer|Publisher,Lithography by|Issued by,"Knapp & Company|W. Duke, Sons & Co.","American, New York|New York and Durham, N.C.", | ,"Knapp & Company|Duke, W. Sons & Co.",American|American,          |1870      ,          |1920      ,|,|(not assigned),|https://www.wikidata.org/wiki/Q66734555,1888–89,1888,1889,Commercial color lithograph,Sheet: 2 3/4 x 1 1/2 in. (7 x 3.8 cm),"The Jefferson R. Burdick Collection, Gift of Jefferson R. Burdick",,,,,,,,,,,,Prints|Ephemera,,http://www.metmuseum.org/art/collection/search/640118,,,"Metropolitan Museum of Art, New York, NY",Boys|Flowers,http://vocab.getty.edu/page/aat/300247598|http://vocab.getty.edu/page/aat/300132399,https://www.wikidata.org/wiki/Q3010|https://www.wikidata.org/wiki/Q506,244.3864989
143043,08.180.171,False,False,False,214526,,European Sculpture and Decorative Arts,1908.0,Fragment,Fragment,Flemish,,,,,,,,,,,,,,,,,,19th century,1800,1899,Bobbin lace,L. 9 1/2 x 3 1/4 inches (24.1 x 8.3 cm),"The Nuttall Collection, Gift of Mrs. Magdalena Nuttall, 1908",,,,,,,,,,,,Textiles-Laces,,http://www.metmuseum.org/art/collection/search/214526,,,"Metropolitan Museum of Art, New York, NY",,,,294.7109697
135326,2021.41.95,False,False,False,329873,134.0,Egyptian Art,2021.0,Head of a Harpokrates with a Blue Crown and Sidelock,Head of a Harpokrates with a Blue Crown and Sidelock,,Ptolemaic Period,,,,,,,,,,,,,,,,,ca. 332–30 B.C.,-332,-30,Limestone,H. 4.7 × W. 3.9 × D. 6.1 cm (1 7/8 × 1 9/16 × 2 3/8 in.),"Bequest of Nanette B. Kelekian, 2020",From,,,,Egypt,,,,,,,,,http://www.metmuseum.org/art/collection/search/329873,https://www.wikidata.org/wiki/Q116408635,,"Metropolitan Museum of Art, New York, NY",,,,278.8222601
148869,"1978.582.10a, b",False,False,False,115534,,Costume Institute,1978.0,Oxfords,Oxfords,American,,,,,16315.0,Designer, ,Brooks Brothers,"American, founded 1818", ,Brooks Brothers,American,1818      ,9999      ,,http://vocab.getty.edu/page/ulan/500524265,https://www.wikidata.org/wiki/Q929722,late 1960s,1965,1969,"leather, cotton",,"Gift of Marvin B. Patterson (Mrs. Jefferson Patterson), 1978",,,,,,,,,,,,,,http://www.metmuseum.org/art/collection/search/115534,,,"Metropolitan Museum of Art, New York, NY",,,,306.6759805
48094,2017.68.22,False,False,True,764771,,Photographs,2017.0,Carte-de-visite; Photocollage; Collage,[Photo Collage: Man Wearing Blue Top Hat],,,,,,20071.0,Artist, ,Juan Pedro Chabalgoity,"Uruguayan, 1848–1909", ,"Chabalgoity, Juan Pedro",Uruguayan,1848      ,1909      ,,,,ca. 1875,1870,1880,"Albumen silver print, lithograph",Mount: 10.5 x 6.3 cm,"Gift of Drew Knowlton and William L. Schaeffer, 2017",,,,,,,,,,,,Photographs,,http://www.metmuseum.org/art/collection/search/764771,,,"Metropolitan Museum of Art, New York, NY",,,,99.39670009
105811,56.581.7,False,False,True,363329,,Drawings and Prints,1956.0,Print,"The so-called Temple of Salus, on the road to Albano (Tempio antico volgarmente detto della Salute)",,,,,Vedute di Roma (Views of Rome),16225.0,Artist, ,Giovanni Battista Piranesi,"Italian, Mogliano Veneto 1720–1778 Rome", ,"Piranesi, Giovanni Battista",Italian,1720      ,1778      ,,http://vocab.getty.edu/page/ulan/500114965,https://www.wikidata.org/wiki/Q316307,ca. 1763,1758,1768,etching,,"The Elisha Whittelsey Collection, The Elisha Whittelsey Fund, 1956",,,,,,,,,,,,Prints,,http://www.metmuseum.org/art/collection/search/363329,,,"Metropolitan Museum of Art, New York, NY",Temples|Ruins,http://vocab.getty.edu/page/aat/300007595|http://vocab.getty.edu/page/aat/300008057,https://www.wikidata.org/wiki/Q44539|https://www.wikidata.org/wiki/Q109607,218.3695306
87486,"C.I.42.176.4a, b",False,False,False,125690,,Islamic Art,1942.0,Ensemble,Ensemble,,,,,,,,,,,,,,,,,,,1800–1942,1800,1942,Silk,[no dimensions available],"Gift of the Estate of Mr and Mrs. F. J. Shepard, 1942",Made in,,,,Egypt,,,,,,,Main dress-Menswear,,http://www.metmuseum.org/art/collection/search/125690,,,"Metropolitan Museum of Art, New York, NY",,,,180.71154
57596,21.175.137,False,True,True,61974,,Asian Art,1921.0,Vase,清 紫晶花鳥紋瓶|Vase with bird and flowers,China,Qing dynasty (1644–1911),,,,,,,,,,,,,,,,,,1644,1911,Amethyst,H. 6 in. (15.2 cm); W. 4 1/2 in. (11.4 cm); D. 4 1/8 in. (10.5 cm),"Bequest of Edmund C. Converse, 1921",,,,,,,,,,,,Hardstone,,http://www.metmuseum.org/art/collection/search/61974,https://www.wikidata.org/wiki/Q83562690,,"Metropolitan Museum of Art, New York, NY",Birds|Flowers,http://vocab.getty.edu/page/aat/300266506|http://vocab.getty.edu/page/aat/300132399,https://www.wikidata.org/wiki/Q5113|https://www.wikidata.org/wiki/Q506,118.8265402
107162,32.46.7(45),False,False,False,738411,,Drawings and Prints,1932.0,Book Print Ornament & Architecture,"Robes Modèles Historiques, Incroyable",,,,,,7979.0,Artist,"Designed, Printed and Published by",Daydou Fils, , ,Daydou Fils,French,          ,          ,,,,19th century,1800,1900,Lithograph,"Sheet: 17 5/16 × 11 7/8 in. (44 × 30.2 cm)
Album: 17 11/16 × 12 5/8 × 1 in. (45 × 32 × 2.5 cm)","Harris Brisbane Dick Fund, 1932",,,,,,,,,,,,Books|Prints|Ornament & Architecture,,http://www.metmuseum.org/art/collection/search/738411,,,"Metropolitan Museum of Art, New York, NY",,,,221.0851583
17986,"2004.278.1a, b",False,False,False,97478,,Costume Institute,2004.0,Ensemble,Ensemble,Italian,,,,,283862680.0,Design House|Designer, | ,House of Moschino|Rossella Jardini,"Italian, founded 1983|Italian, born 1952", | ,Moschino|Jardini Rossella,Italian|Italian,1983      |1952      ,9999      |9999      ,|,|(not assigned),|https://www.wikidata.org/wiki/Q7369767,fall/winter 2001–2,2001,2002,"a) wool, silk; b) wool",,"Gift of Moschino, 2004",,,,,,,,,,,,,,http://www.metmuseum.org/art/collection/search/97478,,,"Metropolitan Museum of Art, New York, NY",,,,37.30690248
51091,1984.331.15,False,False,True,14094,,The American Wing,1984.0,Sampler,Embroidered Sampler,American,,,,,326.0,Maker, ,Mary Ann Stauffer,1811–1891, ,"Stauffer, Mary Ann",American,1811      ,1891      ,Female,,,1830,1830,1830,Embroidered silk on linen,23 3/4 x 25 1/4 in. (60.3 x 64.1 cm),"Gift of Barbara Schiff Sinauer, 1984",Made in,East Hempfield,Lancaster County,Lancaster County,United States,,,,,,,,,http://www.metmuseum.org/art/collection/search/14094,,,"Metropolitan Museum of Art, New York, NY",Houses|Trees,http://vocab.getty.edu/page/aat/300005433|http://vocab.getty.edu/page/aat/300132410,https://www.wikidata.org/wiki/Q3947|https://www.wikidata.org/wiki/Q10884,105.5975711
96101,B 014486,True,False,False,889372,,The Libraries,,,The future imaginary in Indigenous North American arts and literatures,,,,,,22027.0,Author, ,Kristina Baudemann, , ,"Baudemann, Kristina", ,          ,          ,,,,2022,2022,2022,,237 pages ; Height: 9 13/16 in. (25 cm),,,Abingdon,,Oxfordshire,United Kingdom,,,,,,,,,http://www.metmuseum.org/art/collection/search/889372,,,"Metropolitan Museum of Art, New York, NY",,,,198.4743067
72837,74.51.1287,False,False,False,240874,,Greek and Roman Art,1874.0,Bowl,Bowl,Cypriot,Middle Cypriot I,,,,,,,,,,,,,,,,,1900–1800 BCE,-1900,-1800,Terracotta,"2 1/4in. (5.7cm)
Other: 4 3/8in. (11.1cm)","The Cesnola Collection, Purchased by subscription, 1874–76",,,,,,,,,,,,Vases,,http://www.metmuseum.org/art/collection/search/240874,,,"Metropolitan Museum of Art, New York, NY",,,,150.5050665
101864,30.58.4a,False,False,True,333951,,Drawings and Prints,1930.0,Book ; ornament and architecture,"Chinese Architecture, Civil and Ornamental [bound with: Chinese Architecture, Part the Second]",,,,,,,Publisher|Publisher|Artist and publisher|Publisher, | | | ,H. Piers and Partner|Elizabeth Bakewell|P. Decker|Henry Parker,"London|British, active 1749–79|British, active London 1759|British, 1725–1809", | | | ,"Piers, H. and Partner|Bakewell, Elizabeth|Decker, P.|Parker, Henry",British|British|British|British,1700      |1749      |1730      |1725      ,1800      |1779      |1780      |1809      ,|||,|||,|||,1759,1759,1759,Illustrations: etching and engraving,9 15/16 x 12 3/8 x 7/16 in. (25.3 x 31.4 x 1.1 cm),"Harris Brisbane Dick Fund, 1930",,London,,,,,,,,,,Books|Ornament & Architecture,,http://www.metmuseum.org/art/collection/search/333951,,,"Metropolitan Museum of Art, New York, NY",Architecture,http://vocab.getty.edu/page/aat/300263552,https://www.wikidata.org/wiki/Q12271,210.3725319
89274,2002.447.7,False,False,True,49262,,Asian Art,2002.0,Jar,,Japan,Late Yayoi period (ca. 4th century B.C.–3rd century A.D.),,,,,,,,,,,,,,,,,ca. 100–300,100,300,Earthenware,H. 13 in. (33 cm),"Dr. and Mrs. Roger G. Gerry Collection, Bequest of Dr. and Mrs. Roger G. Gerry, 2000",,,,,,,,,,,,Ceramics,,http://www.metmuseum.org/art/collection/search/49262,,,"Metropolitan Museum of Art, New York, NY",,,,184.4045581
35509,1979.206.925,False,False,True,312505,,"Arts of Africa, Oceania, and the Americas",1979.0,Bowl,Bowl,Nasca,,,,,,,,,,,,,,,,,,1st–6th century,100,600,Ceramic,"H. 3 1/4 x Diam. 4 5/8 in. (8.3 x 11.8 cm)
","The Michael C. Rockefeller Memorial Collection, Bequest of Nelson A. Rockefeller, 1979",,,,,Peru,,,,,,Rio Grande de Nasca,Ceramics-Containers,,http://www.metmuseum.org/art/collection/search/312505,,,"Metropolitan Museum of Art, New York, NY",Faces,http://vocab.getty.edu/page/aat/300251798,https://www.wikidata.org/wiki/Q37017,73.62385191
41204,36.120.671,False,False,True,58947,,Asian Art,1936.0,Tobacco pouch,,Japan,Edo period (1615–1868),,,,,,,,,,,,,,,,,18th century,1700,1799,Iron,H. 4 3/4 in. (12.1 cm); W. 2 1/2 in. (6.4 cm),"The Howard Mansfield Collection, Gift of Howard Mansfield, 1936",,,,,,,,,,,,Tobacco Pouches,,http://www.metmuseum.org/art/collection/search/58947,,,"Metropolitan Museum of Art, New York, NY",,,,85.25407505
135216,63.350.329.701-10.7,False,False,False,779661,,Drawings and Prints,1963.0,Trade card,"Snorkel Jeep, from the ""Power for Peace"" series (R701-10), issued by Bowman Gum Company",,,,,,9308.0,Publisher,Issued by,Bowman Gum Company, , ,Bowman Gum Company,American,1900      ,1999      ,,,,1954,1954,1954,Commercial color lithograph,Sheet: 2 1/2 × 3 3/4 in. (6.3 × 9.5 cm),"The Jefferson R. Burdick Collection, Gift of Jefferson R. Burdick",,,,,,,,,,,,Prints|Ephemera,,http://www.metmuseum.org/art/collection/search/779661,,,"Metropolitan Museum of Art, New York, NY",,,,278.6173091
140392,2010.519.2,False,False,False,292085,,Photographs,2010.0,Photograph,King Amanullah's 1919 Victory Arch at Paghman,,,,,,6075.0,Artist, ,Simon Norfolk,"British, born Nigeria, 1963", ,"Norfolk, Simon","British, born Nigeria",1963      ,9999      ,,http://vocab.getty.edu/page/ulan/500128793,https://www.wikidata.org/wiki/Q16195234,2003,2003,2003,Chromogenic print,"Image: 76.2 x 101.6 cm (30 x 40 in.)
Frame: 102.9 x 131.8 cm (40 1/2 x 51 7/8 in.)","Gift of Arthur and Susan Fleischer, 2010",,,,,,,,,,,,Photographs,,http://www.metmuseum.org/art/collection/search/292085,,,"Metropolitan Museum of Art, New York, NY",Architecture|Arches,http://vocab.getty.edu/page/aat/300263552|http://vocab.getty.edu/page/aat/300001062,https://www.wikidata.org/wiki/Q12271|https://www.wikidata.org/wiki/Q12277,289.4274463
129632,53.600.3410,False,False,False,896236,,Drawings and Prints,1953.0,Print,"Untitled (seated priestess/goddess of harvest, possibly Demeter, being worshipped by people below around a fire, sacrificial pig being prepared for slaughter)",,,,,,8597516357.0,Engraver|Artist, |After,Joseph de Longueil|Charles Dominique Joseph Eisen,"French, Givet, Ardennes 1730–1792 Paris|French, Valenciennes 1720–1778 Brussels", | ,"Longueil, Joseph de|Eisen, Charles Dominique Joseph",French|French,1730      |1720      ,1792      |1778      ,|,http://vocab.getty.edu/page/ulan/500045263|http://vocab.getty.edu/page/ulan/500024830,https://www.wikidata.org/wiki/Q3185848|https://www.wikidata.org/wiki/Q2744998,18th century,1745,1775,Etching with engraving,Sheet: 5 7/16 × 3 7/16 in. (13.8 × 8.7 cm),"Harris Brisbane Dick Fund, 1953",,,,,,,,,,,,Prints,,http://www.metmuseum.org/art/collection/search/896236,,,"Metropolitan Museum of Art, New York, NY",,,,267.0607922
100779,86.1.69,False,False,True,558263,,Egyptian Art,1886.0,"Figurine, bull",Figurine of bull,,Late Period,,,,,,,,,,,,,,,,,ca. 712–343 B.C.,-712,-343,Copper Alloy,H. 5.1 cm (2 in.),"Funds from various donors, 1886",From,,,,Egypt,,,,,,,,,http://www.metmuseum.org/art/collection/search/558263,,,"Metropolitan Museum of Art, New York, NY",Bulls,http://vocab.getty.edu/page/aat/300250117,https://www.wikidata.org/wiki/Q693690,208.135563
80485,63.350.219.245.259,False,False,False,652265,,Drawings and Prints,1963.0,Photograph,"May Buckley, from the Actresses series (N245) issued by Kinney Brothers to promote Sweet Caporal Cigarettes",,,,,,17537.0,Publisher,Issued by,Kinney Brothers Tobacco Company, , ,Kinney Brothers Tobacco Company,American,1869      ,2011      ,,,,1890,1890,1890,Albumen photograph,Sheet: 2 1/2 × 1 7/16 in. (6.4 × 3.7 cm),"The Jefferson R. Burdick Collection, Gift of Jefferson R. Burdick",,,,,,,,,,,,Photographs|Ephemera,,http://www.metmuseum.org/art/collection/search/652265,,,"Metropolitan Museum of Art, New York, NY",,,,166.3354492
61021,20.3.483,False,False,False,562582,106.0,Egyptian Art,1920.0,"Relief fragment, tomb of Meketre","Relief fragment, tomb of Meketre",,Middle Kingdom,Dynasty 12,"reign of Amenemhat I, early",,,,,,,,,,,,,,,ca. 1981–1975 B.C.,-1981,-1975,"Limestone, paint",,"Rogers Fund and Edward S. Harkness Gift, 1920",From,,,,Egypt,"Upper Egypt, Thebes",Southern Asasif,"Tomb of Meketre (TT 280, MMA 1101)",,"MMA excavations, 1920",,,,http://www.metmuseum.org/art/collection/search/562582,https://www.wikidata.org/wiki/Q116439057,,"Metropolitan Museum of Art, New York, NY",,,,125.8135667
44069,58.580.15,False,False,False,649945,,Drawings and Prints,1958.0,Print,Along the Canal,,,,,,17734.0,Artist, ,Stow Wengenroth,"American, Brooklyn, New York 1906–1978", ,"Wengenroth, Stow",American,1906      ,1978      ,,http://vocab.getty.edu/page/ulan/500041132,https://www.wikidata.org/wiki/Q7620670,1949,1949,1949,Lithograph,"Sheet: 11 15/16 × 15 15/16 in. (30.4 × 40.5 cm)
Image: 7 7/8 × 13 3/8 in. (20 × 34 cm)","Gift of Louise Bechtel, 1958",,,,,,,,,,,,Prints,,http://www.metmuseum.org/art/collection/search/649945,,,"Metropolitan Museum of Art, New York, NY",,,,91.19500736
72342,1971.564.128,False,False,True,392762,,Drawings and Prints,1971.0,Print,"Tegg's Complete Collection of Caricatures, Relative to Mrs. Clarke and the Circumstances Arising from the Investigation of the Conduct of His Royal Highness the Duke of York Before the House of Commons",,,,,,1650957739.0,Artist|Publisher, | ,Thomas Rowlandson|Thomas Tegg,"British, London 1757–1827 London|British, London 1776–1846 London", | ,"Rowlandson, Thomas|Tegg, Thomas",British|British,1757      |1776      ,1827      |1846      ,|,http://vocab.getty.edu/page/ulan/500006930|(not assigned),https://www.wikidata.org/wiki/Q318584|https://www.wikidata.org/wiki/Q7794394,"March 27, 1809",1809,1809,Hand-colored etching,Sheet: 8 15/16 × 11 15/16 in. (22.7 × 30.3 cm),"The Elisha Whittelsey Collection, The Elisha Whittelsey Fund, 1971",,,,,,,,,,,,Prints,,http://www.metmuseum.org/art/collection/search/392762,https://www.wikidata.org/wiki/Q97732680,,"Metropolitan Museum of Art, New York, NY",Satire|Men|Women|Politics,http://vocab.getty.edu/page/aat/300055934|http://vocab.getty.edu/page/aat/300025928|http://vocab.getty.edu/page/aat/300025943|http://vocab.getty.edu/page/aat/300055537,https://www.wikidata.org/wiki/Q128758|https://www.wikidata.org/wiki/Q8441|https://www.wikidata.org/wiki/Q467|https://www.wikidata.org/wiki/Q7163,149.5299284
120027,1973.154.1,False,True,False,481128,,Modern and Contemporary Art,1973.0,Desk,"""David-Weill"" Desk",,,,,,16235.0,Designer, ,Emile-Jacques Ruhlmann,"French, Paris 1879–1933 Paris", ,"Ruhlmann, Emile-Jacques",French,1879      ,1933      ,,http://vocab.getty.edu/page/ulan/500007477,https://www.wikidata.org/wiki/Q954875,ca. 1918–19,1918,1918,"Amboyna, ivory, sharkskin, silk, metal, oak, lumber-core plywood, poplar, walnut, birch, macassar ebony",37 1/2 x 47 1/2 x 29 1/2in. (95.3 x 120.7 x 74.9cm),"Purchase, Edgar Kaufmann Jr. Gift, 1973",,,,,,,,,,,,Furniture,,http://www.metmuseum.org/art/collection/search/481128,,,"Metropolitan Museum of Art, New York, NY",,,,247.3779625
67525,"2001.393.120a, b",False,False,False,82821,,Costume Institute,2001.0,Ensemble,Ensemble,American,,,,,2019.0,Designer, ,Geoffrey Beene,"American, Haynesville, Louisiana 1927–2004 New York", ,"Beene, Geoffrey",American,1927-08-30,2004-09-28,,http://vocab.getty.edu/page/ulan/500228201,https://www.wikidata.org/wiki/Q614389,fall/winter 1993–94,1993,1994,"(a) synthetic fiber, wool; (b) stone, leather",,"Gift of Geoffrey Beene, 2001",,,,,,,,,,,,,,http://www.metmuseum.org/art/collection/search/82821,,,"Metropolitan Museum of Art, New York, NY",,,,139.4114546
117497,48.101.772,False,False,True,741837,,Islamic Art,1948.0,Fragment,Stucco Fragment,,,,,,,,,,,,,,,,,,,probably 8th–12th century,800,1300,Stucco; carved,"H. 1 3/8 in. (3.5 cm)
W. 1 3/16 in. (3 cm)
D. 13/16 in. (2 cm)","Rogers Fund, 1948",Excavated in,Nishapur,,,Iran,,,,,,,Stucco,,http://www.metmuseum.org/art/collection/search/741837,,,"Metropolitan Museum of Art, New York, NY",,,,242.1997843
82013,2002.201.58,False,False,True,59486,,Asian Art,2002.0,Belt plaque,,Northwest China and southwestern Inner Mongolia,,,,,,,,,,,,,,,,,,4th century BCE,-399,-300,Tinned bronze,H. 2 1/4 in. (5.7 cm); W. 4 5/8 in. (11.7 cm),"Gift of Mr. and Mrs. Eugene V. Thaw, 2002",,,,,,,,,,,,Metalwork,,http://www.metmuseum.org/art/collection/search/59486,,,"Metropolitan Museum of Art, New York, NY",Lions,http://vocab.getty.edu/page/aat/300310388,https://www.wikidata.org/wiki/Q140,169.3825327
